name,ref,status,xl,yl,xh,yh,orient
_198_,INV_X1,PLACED,115140,30800,115900,33600,FS
_199_,INV_X1,PLACED,118560,25200,119320,28000,FS
_200_,NOR2_X1,PLACED,121980,25200,123120,28000,FS
_201_,NOR2_X1,PLACED,121600,28000,122740,30800,N
_202_,NAND2_X1,PLACED,117420,30800,118560,33600,FS
_203_,NAND2_X1,PLACED,131100,28000,132240,30800,N
_204_,OR2_X1,PLACED,130720,33600,132240,36400,N
_205_,NAND2_X1,PLACED,130720,42000,131860,44800,FS
_206_,INV_X1,PLACED,129200,39200,129960,42000,N
_207_,XOR2_X1,PLACED,129960,44800,132240,47600,N
_208_,NAND2_X1,PLACED,118940,44800,120080,47600,N
_209_,OR2_X1,PLACED,120080,44800,121600,47600,N
_210_,NAND2_X1,PLACED,103740,42000,104880,44800,FS
_211_,XOR2_X1,PLACED,102980,39200,105260,42000,N
_212_,AND2_X1,PLACED,106020,44800,107540,47600,N
_213_,OR2_X1,PLACED,107540,47600,109060,50400,FS
_214_,NAND2_X1,PLACED,107920,67200,109060,70000,N
_215_,NOR2_X1,PLACED,107920,61600,109060,64400,N
_216_,XOR2_X1,PLACED,106780,58800,109060,61600,FS
_217_,AND2_X1,PLACED,98040,61600,99560,64400,N
_218_,OR2_X1,PLACED,99560,61600,101080,64400,N
_219_,NAND2_X1,PLACED,90060,58800,91200,61600,FS
_220_,NOR2_X1,PLACED,90060,67200,91200,70000,N
_221_,XOR2_X1,PLACED,87780,67200,90060,70000,N
_222_,AND2_X1,PLACED,77900,61600,79420,64400,N
_223_,OR2_X1,PLACED,78280,50400,79800,53200,N
_224_,NAND2_X1,PLACED,82460,44800,83600,47600,N
_225_,NOR2_X1,PLACED,81320,44800,82460,47600,N
_226_,XOR2_X1,PLACED,80940,39200,83220,42000,N
_227_,NAND2_X1,PLACED,72580,44800,73720,47600,N
_228_,AND2_X1,PLACED,72200,36400,73720,39200,FS
_229_,XNOR2_X1,PLACED,71820,42000,74100,44800,FS
_230_,NAND2_X1,PLACED,71820,30800,72960,33600,FS
_231_,NOR2_X1,PLACED,71820,22400,72960,25200,N
_232_,AND2_X1,PLACED,83980,33600,85500,36400,N
_233_,NAND2_X1,PLACED,94240,30800,95380,33600,FS
_234_,NOR2_X1,PLACED,104120,30800,105260,33600,FS
_235_,NOR2_X1,PLACED,95000,28000,96140,30800,N
_236_,XOR2_X1,PLACED,96520,28000,98800,30800,N
_237_,OAI21_X1,PLACED,93480,28000,95000,30800,N
_238_,OR2_X1,PLACED,82840,28000,84360,30800,N
_239_,XNOR2_X1,PLACED,83980,22400,86260,25200,N
_240_,AOI21_X1,PLACED,84360,28000,85880,30800,N
_241_,AOI21_X1,PLACED,74100,28000,75620,30800,N
_242_,AOI211_X1,PLACED,73340,30800,75240,33600,FS
_243_,XOR2_X1,PLACED,72580,50400,74860,53200,N
_244_,OAI21_X1,PLACED,74100,39200,75620,42000,N
_245_,AND2_X1,PLACED,76380,42000,77900,44800,FS
_246_,OAI21_X1,PLACED,79420,44800,80940,47600,N
_247_,OAI21_X1,PLACED,81320,58800,82840,61600,FS
_248_,OAI21_X1,PLACED,88540,58800,90060,61600,FS
_249_,OAI21_X1,PLACED,101080,64400,102600,67200,FS
_250_,OAI21_X1,PLACED,106400,61600,107920,64400,N
_251_,OAI21_X1,PLACED,107160,53200,108680,56000,FS
_252_,OAI211_X1,PLACED,107540,39200,109440,42000,N
_253_,NAND2_X1,PLACED,113620,39200,114760,42000,N
_254_,NAND3_X1,PLACED,115900,44800,117420,47600,N
_255_,AND3_X1,PLACED,119320,39200,121220,42000,N
_256_,OR2_X1,PLACED,126160,33600,127680,36400,N
_257_,OAI21_X1,PLACED,125400,36400,126920,39200,FS
_258_,AND4_X1,PLACED,121220,33600,123500,36400,N
_259_,OR2_X1,PLACED,90820,50400,92340,53200,N
_260_,MUX2_X1,PLACED,102980,25200,105640,28000,FS
_261_,MUX2_X1,PLACED,102600,28000,105260,30800,N
_262_,MUX2_X1,PLACED,98040,22400,100700,25200,N
_263_,MUX2_X1,PLACED,96520,25200,99180,28000,FS
_264_,MUX2_X1,PLACED,82460,25200,85120,28000,FS
_265_,MUX2_X1,PLACED,80940,33600,83600,36400,N
_266_,MUX2_X1,PLACED,70680,25200,73340,28000,FS
_267_,MUX2_X1,PLACED,68400,33600,71060,36400,N
_268_,MUX2_X1,PLACED,71060,33600,73720,36400,N
_269_,MUX2_X1,PLACED,68780,36400,71440,39200,FS
_270_,MUX2_X1,PLACED,69920,44800,72580,47600,N
_271_,MUX2_X1,PLACED,69160,47600,71820,50400,FS
_272_,MUX2_X1,PLACED,81320,50400,83980,53200,N
_273_,MUX2_X1,PLACED,77900,42000,80560,44800,FS
_274_,MUX2_X1,PLACED,77520,53200,80180,56000,FS
_275_,MUX2_X1,PLACED,69920,56000,72580,58800,N
_276_,MUX2_X1,PLACED,88540,53200,91200,56000,FS
_277_,MUX2_X1,PLACED,87400,56000,90060,58800,N
_278_,MUX2_X1,PLACED,94620,53200,97280,56000,FS
_279_,MUX2_X1,PLACED,95760,56000,98420,58800,N
_280_,MUX2_X1,PLACED,109060,56000,111720,58800,N
_281_,MUX2_X1,PLACED,106400,56000,109060,58800,N
_282_,MUX2_X1,PLACED,102220,47600,104880,50400,FS
_283_,MUX2_X1,PLACED,103360,56000,106020,58800,N
_284_,MUX2_X1,PLACED,96520,42000,99180,44800,FS
_285_,MUX2_X1,PLACED,96900,39200,99560,42000,N
_286_,MUX2_X1,PLACED,118560,47600,121220,50400,FS
_287_,MUX2_X1,PLACED,120080,58800,122740,61600,FS
_288_,MUX2_X1,PLACED,125780,39200,128440,42000,N
_289_,MUX2_X1,PLACED,126920,44800,129580,47600,N
_290_,MUX2_X1,PLACED,126540,22400,129200,25200,N
_291_,MUX2_X1,PLACED,127680,28000,130340,30800,N
_292_,NOR4_X1,PLACED,97660,30800,99560,33600,FS
_293_,NAND2_X1,PLACED,116280,30800,117420,33600,FS
_294_,NOR4_X1,PLACED,122360,47600,124260,50400,FS
_295_,NOR4_X1,PLACED,104880,53200,106780,56000,FS
_296_,NOR4_X1,PLACED,71820,47600,73720,50400,FS
_297_,NAND3_X1,PLACED,114760,47600,116280,50400,FS
_298_,AOI211_X1,PLACED,116280,33600,118180,36400,N
_299_,AOI21_X1,PLACED,117420,28000,118940,30800,N
_300_,NOR3_X1,PLACED,117040,25200,118560,28000,FS
_301_,NOR2_X1,PLACED,115900,25200,117040,28000,FS
_302_,NOR3_X1,PLACED,115520,22400,117040,25200,N
_303_,AOI211_X1,PLACED,112860,25200,114760,28000,FS
_304_,NOR2_X1,PLACED,121220,36400,122360,39200,FS
_305_,AOI21_X1,PLACED,121600,30800,123120,33600,FS
_306_,NOR2_X1,PLACED,105640,33600,106780,36400,N
_307_,NAND2_X1,PLACED,105260,30800,106400,33600,FS
_308_,XNOR2_X1,PLACED,106400,25200,108680,28000,FS
_309_,AOI21_X1,PLACED,117420,36400,118940,39200,FS
_310_,AOI221_X1,PLACED,105260,28000,107540,30800,N
_311_,AOI21_X1,PLACED,107160,33600,108680,36400,N
_312_,XNOR2_X1,PLACED,94240,25200,96520,28000,FS
_313_,AOI21_X1,PLACED,94240,33600,95760,36400,N
_314_,AOI22_X1,PLACED,95380,30800,97280,33600,FS
_315_,NOR2_X1,PLACED,96520,33600,97660,36400,N
_316_,AOI21_X1,PLACED,93100,39200,94620,42000,N
_317_,NAND2_X1,PLACED,79420,28000,80560,30800,N
_318_,XNOR2_X1,PLACED,85880,28000,88160,30800,N
_319_,AOI221_X1,PLACED,86640,25200,88920,28000,FS
_320_,NOR2_X1,PLACED,80180,25200,81320,28000,FS
_321_,AOI21_X1,PLACED,78660,25200,80180,28000,FS
_322_,XOR2_X1,PLACED,71440,28000,73720,30800,N
_323_,XNOR2_X1,PLACED,74480,25200,76760,28000,FS
_324_,AOI21_X1,PLACED,68780,28000,70300,30800,N
_325_,AOI22_X1,PLACED,88920,25200,90820,28000,FS
_326_,NOR2_X1,PLACED,68020,22400,69160,25200,N
_327_,AOI21_X1,PLACED,67260,28000,68780,30800,N
_328_,NAND2_X1,PLACED,67260,36400,68400,39200,FS
_329_,XNOR2_X1,PLACED,74860,33600,77140,36400,N
_330_,AOI221_X1,PLACED,87020,33600,89300,36400,N
_331_,NOR2_X1,PLACED,66880,42000,68020,44800,FS
_332_,AOI21_X1,PLACED,65740,36400,67260,39200,FS
_333_,NAND2_X1,PLACED,67640,47600,68780,50400,FS
_334_,OR3_X1,PLACED,75620,39200,77520,42000,N
_335_,AND2_X1,PLACED,77520,39200,79040,42000,N
_336_,AOI221_X1,PLACED,82840,36400,85120,39200,FS
_337_,NOR2_X1,PLACED,68020,44800,69160,47600,N
_338_,AOI21_X1,PLACED,66500,44800,68020,47600,N
_339_,NOR2_X1,PLACED,87020,44800,88160,47600,N
_340_,XNOR2_X1,PLACED,82080,42000,84360,44800,FS
_341_,AOI22_X1,PLACED,86640,36400,88540,39200,FS
_342_,AOI21_X1,PLACED,84360,47600,85880,50400,FS
_343_,AOI21_X1,PLACED,86640,47600,88160,50400,FS
_344_,NOR2_X1,PLACED,77140,50400,78280,53200,N
_345_,XNOR2_X1,PLACED,78280,56000,80560,58800,N
_346_,XNOR2_X1,PLACED,80180,53200,82460,56000,FS
_347_,AOI22_X1,PLACED,83600,39200,85500,42000,N
_348_,AOI21_X1,PLACED,72580,56000,74100,58800,N
_349_,AOI21_X1,PLACED,76000,56000,77520,58800,N
_350_,NOR2_X1,PLACED,87400,50400,88540,53200,N
_351_,XNOR2_X1,PLACED,88540,50400,90820,53200,N
_352_,AOI22_X1,PLACED,88160,39200,90060,42000,N
_353_,AOI21_X1,PLACED,87020,53200,88540,56000,FS
_354_,AOI21_X1,PLACED,88160,47600,89680,50400,FS
_355_,NOR2_X1,PLACED,97660,47600,98800,50400,FS
_356_,XNOR2_X1,PLACED,99180,67200,101460,70000,N
_357_,XNOR2_X1,PLACED,98800,56000,101080,58800,N
_358_,AOI22_X1,PLACED,100320,39200,102220,42000,N
_359_,AOI21_X1,PLACED,97280,50400,98800,53200,N
_360_,AOI21_X1,PLACED,97280,53200,98800,56000,FS
_361_,NOR2_X1,PLACED,114380,56000,115520,58800,N
_362_,XNOR2_X1,PLACED,103740,61600,106020,64400,N
_363_,AOI22_X1,PLACED,101460,36400,103360,39200,FS
_364_,AOI21_X1,PLACED,112100,56000,113620,58800,N
_365_,AOI21_X1,PLACED,113240,53200,114760,56000,FS
_366_,NOR2_X1,PLACED,113240,47600,114380,50400,FS
_367_,XNOR2_X1,PLACED,107540,44800,109820,47600,N
_368_,XNOR2_X1,PLACED,107920,42000,110200,44800,FS
_369_,AOI22_X1,PLACED,112100,33600,114000,36400,N
_370_,AOI21_X1,PLACED,109060,50400,110580,53200,N
_371_,AOI21_X1,PLACED,110200,53200,111720,56000,FS
_372_,NOR2_X1,PLACED,94620,44800,95760,47600,N
_373_,XNOR2_X1,PLACED,104880,42000,107160,44800,FS
_374_,AOI22_X1,PLACED,88540,36400,90440,39200,FS
_375_,AOI21_X1,PLACED,94240,42000,95760,44800,FS
_376_,AOI21_X1,PLACED,92340,44800,93860,47600,N
_377_,NOR2_X1,PLACED,121220,56000,122360,58800,N
_378_,NAND2_X1,PLACED,117040,42000,118180,44800,FS
_379_,XNOR2_X1,PLACED,114000,42000,116280,44800,FS
_380_,AOI22_X1,PLACED,111720,39200,113620,42000,N
_381_,AOI21_X1,PLACED,121220,53200,122740,56000,FS
_382_,AOI21_X1,PLACED,119700,56000,121220,58800,N
_383_,NOR2_X1,PLACED,126540,42000,127680,44800,FS
_384_,AOI21_X1,PLACED,118940,36400,120460,39200,FS
_385_,NOR2_X1,PLACED,119320,42000,120460,44800,FS
_386_,AOI22_X1,PLACED,112860,36400,114760,39200,FS
_387_,AOI21_X1,PLACED,123500,44800,125020,47600,N
_388_,AOI21_X1,PLACED,125020,42000,126540,44800,FS
_389_,NAND2_X1,PLACED,128060,33600,129200,36400,N
_390_,XNOR2_X1,PLACED,126920,36400,129200,39200,FS
_391_,AOI21_X1,PLACED,106780,30800,108300,33600,FS
_392_,AOI22_X1,PLACED,123880,28000,125780,30800,N
_393_,NOR2_X1,PLACED,126540,28000,127680,30800,N
_394_,AOI21_X1,PLACED,126160,25200,127680,28000,FS
_395_,DFF_X1,PLACED,102600,22400,109060,25200,N
_396_,DFF_X1,PLACED,91580,22400,98040,25200,N
_397_,DFF_X1,PLACED,79800,30800,86260,33600,FS
_398_,DFF_X1,PLACED,63080,30800,69540,33600,FS
_399_,DFF_X1,PLACED,65740,39200,72200,42000,N
_400_,DFF_X1,PLACED,66120,50400,72580,53200,N
_401_,DFF_X1,PLACED,76760,47600,83220,50400,FS
_402_,DFF_X1,PLACED,67640,58800,74100,61600,FS
_403_,DFF_X1,PLACED,85120,64400,91580,67200,FS
_404_,DFF_X1,PLACED,95380,58800,101840,61600,FS
_405_,DFF_X1,PLACED,105260,64400,111720,67200,FS
_406_,DFF_X1,PLACED,102600,50400,109060,53200,N
_407_,DFF_X1,PLACED,97660,44800,104120,47600,N
_408_,DFF_X1,PLACED,118940,50400,125400,53200,N
_409_,DFF_X1,PLACED,127300,47600,133760,50400,FS
_410_,DFF_X1,PLACED,128440,30800,134900,33600,FS
_411_,DFF_X1,PLACED,117420,22400,123880,25200,N
_412_,DFF_X1,PLACED,110960,28000,117420,30800,N
_413_,DFF_X1,PLACED,103360,36400,109820,39200,FS
_414_,DFF_X1,PLACED,93100,36400,99560,39200,FS
_415_,DFF_X1,PLACED,75240,22400,81700,25200,N
_416_,DFF_X1,PLACED,62320,25200,68780,28000,FS
_417_,DFF_X1,PLACED,61180,33600,67640,36400,N
_418_,DFF_X1,PLACED,62320,53200,68780,56000,FS
_419_,DFF_X1,PLACED,84740,42000,91200,44800,FS
_420_,DFF_X1,PLACED,74860,58800,81320,61600,FS
_421_,DFF_X1,PLACED,84740,61600,91200,64400,N
_422_,DFF_X1,PLACED,94240,64400,100700,67200,FS
_423_,DFF_X1,PLACED,112480,58800,118940,61600,FS
_424_,DFF_X1,PLACED,110580,50400,117040,53200,N
_425_,DFF_X1,PLACED,91200,47600,97660,50400,FS
_426_,DFF_X1,PLACED,118940,61600,125400,64400,N
_427_,DFF_X1,PLACED,127680,50400,134140,53200,N
_428_,DFF_X1,PLACED,128060,25200,134520,28000,FS
