net_name,type,fanout
dla_core_clk,clock,355370
nvdla_core_rstn,reset,38747
LOGICAL_1,constant,35802
u_partition_c_nvdla_core_rstn,reset,14224
u_partition_p_nvdla_core_rstn,reset,12698
u_partition_ma_nvdla_core_rstn,reset,2671
u_partition_mb_nvdla_core_rstn,reset,2663
u_partition_a_nvdla_core_rstn,reset,1912
LOGICAL_0,constant,371
dla_csb_clk,clock,357
u_partition_o_nvdla_falcon_rstn,reset,73
direct_reset_,reset,18
u_partition_c_u_NV_NVDLA_cdma_u_img_u_sg_req_img_p1_burst_offset[5],reset,10
u_partition_c_u_NV_NVDLA_cdma_u_img_u_sg_req_img_p0_burst_cnt[2],reset,9
u_partition_c_u_NV_NVDLA_cdma_u_img_u_sg_req_img_p0_burst_offset[4],reset,9
u_partition_c_u_NV_NVDLA_cdma_u_img_u_sg_req_img_p0_burst_offset[6],reset,9
u_partition_c_u_NV_NVDLA_cdma_u_img_u_sg_req_img_p0_burst_offset[12],reset,9
u_partition_c_u_NV_NVDLA_cdma_u_img_u_sg_req_img_p0_burst_offset[14],reset,9
u_partition_c_u_NV_NVDLA_cdma_u_img_u_sg_req_img_p0_burst_offset[16],reset,9
u_partition_c_u_NV_NVDLA_cdma_u_img_u_sg_req_img_p0_burst_offset[18],reset,9
u_partition_c_u_NV_NVDLA_cdma_u_img_u_sg_req_img_p0_burst_offset[22],reset,9
u_partition_c_u_NV_NVDLA_cdma_u_img_u_sg_req_img_p0_burst_offset[26],reset,9
u_partition_c_u_NV_NVDLA_cdma_u_img_u_sg_req_img_p1_burst_offset[22],reset,9
u_partition_c_u_NV_NVDLA_cdma_u_img_u_sg_req_img_p1_burst_offset[26],reset,9
u_partition_c_u_NV_NVDLA_cdma_u_wt_wt_req_burst_cnt_d1[8],reset,8
u_partition_c_u_NV_NVDLA_cdma_u_img_u_sg_req_img_p0_burst_offset[0],reset,8
u_partition_c_u_NV_NVDLA_cdma_u_img_u_sg_req_img_p0_burst_offset[8],reset,8
u_partition_c_u_NV_NVDLA_cdma_u_img_u_sg_req_img_p0_burst_offset[10],reset,8
u_partition_c_u_NV_NVDLA_cdma_u_img_u_sg_req_img_p0_burst_offset[20],reset,8
u_partition_c_u_NV_NVDLA_cdma_u_img_u_sg_req_img_p0_burst_offset[24],reset,8
u_partition_c_u_NV_NVDLA_cdma_u_img_u_sg_req_img_p0_burst_offset[27],reset,8
u_partition_c_u_NV_NVDLA_cdma_u_img_u_sg_req_img_p1_burst_offset[6],reset,8
u_partition_c_u_NV_NVDLA_cdma_u_img_u_sg_req_img_p1_burst_offset[8],reset,8
u_partition_c_u_NV_NVDLA_cdma_u_img_u_sg_req_img_p1_burst_offset[10],reset,8
u_partition_c_u_NV_NVDLA_cdma_u_img_u_sg_req_img_p1_burst_offset[12],reset,8
u_partition_c_u_NV_NVDLA_cdma_u_img_u_sg_req_img_p1_burst_offset[14],reset,8
u_partition_c_u_NV_NVDLA_cdma_u_img_u_sg_req_img_p1_burst_offset[16],reset,8
u_partition_c_u_NV_NVDLA_cdma_u_img_u_sg_req_img_p1_burst_offset[18],reset,8
u_partition_c_u_NV_NVDLA_cdma_u_img_u_sg_req_img_p1_burst_offset[20],reset,8
u_partition_c_u_NV_NVDLA_cdma_u_img_u_sg_req_img_p1_burst_offset[24],reset,8
u_partition_c_u_NV_NVDLA_cdma_u_img_u_sg_req_img_p1_burst_offset[27],reset,8
u_partition_o_u_NV_NVDLA_pdp_u_rdma_reg2dp_partial_width_in_first[7],reset,8
u_partition_c_u_NV_NVDLA_cdma_u_wt_wt_req_burst_cnt_d1[9],reset,7
u_partition_c_u_NV_NVDLA_cdma_u_wt_wt_req_burst_cnt_d1[16],reset,7
u_partition_c_u_NV_NVDLA_cdma_u_img_u_sg_req_img_p0_burst_offset[1],reset,7
u_partition_c_u_NV_NVDLA_cdma_u_img_u_sg_req_img_p0_burst_offset[2],reset,7
u_partition_c_u_NV_NVDLA_cdma_u_img_u_sg_req_img_p0_burst_offset[3],reset,7
u_partition_c_u_NV_NVDLA_cdma_u_img_u_sg_req_img_p0_burst_offset[7],reset,7
u_partition_c_u_NV_NVDLA_cdma_u_img_u_sg_req_img_p0_burst_offset[13],reset,7
u_partition_c_u_NV_NVDLA_cdma_u_img_u_sg_req_img_p0_burst_offset[15],reset,7
u_partition_c_u_NV_NVDLA_cdma_u_img_u_sg_req_img_p0_burst_offset[19],reset,7
u_partition_c_u_NV_NVDLA_cdma_u_img_u_sg_req_img_p0_burst_offset[23],reset,7
u_partition_c_u_NV_NVDLA_cdma_u_img_u_sg_req_img_p0_burst_offset[28],reset,7
u_partition_c_u_NV_NVDLA_cdma_u_img_u_sg_req_img_p1_burst_cnt[2],reset,7
u_partition_c_u_NV_NVDLA_cdma_u_img_u_sg_req_img_p1_burst_offset[2],reset,7
u_partition_c_u_NV_NVDLA_cdma_u_img_u_sg_req_img_p1_burst_offset[3],reset,7
u_partition_c_u_NV_NVDLA_cdma_u_img_u_sg_req_img_p1_burst_offset[4],reset,7
u_partition_c_u_NV_NVDLA_cdma_u_img_u_sg_req_img_p1_burst_offset[23],reset,7
u_partition_c_u_NV_NVDLA_cdma_u_img_u_sg_req_img_p1_burst_offset[28],reset,7
u_partition_o_u_NV_NVDLA_pdp_reg2dp_partial_width_out_first[1],reset,7
u_partition_o_u_NV_NVDLA_pdp_reg2dp_partial_width_out_first[2],reset,7
u_partition_o_u_NV_NVDLA_pdp_reg2dp_partial_width_out_first[3],reset,7
u_partition_o_u_NV_NVDLA_pdp_reg2dp_partial_width_out_first[5],reset,7
u_partition_o_u_NV_NVDLA_pdp_reg2dp_partial_width_out_first[6],reset,7
u_partition_o_u_NV_NVDLA_pdp_reg2dp_partial_width_out_first[7],reset,7
u_partition_o_u_NV_NVDLA_pdp_reg2dp_partial_width_out_first[8],reset,7
u_partition_o_u_NV_NVDLA_pdp_reg2dp_partial_width_out_first[9],reset,7
u_partition_o_u_NV_NVDLA_pdp_u_rdma_reg2dp_partial_width_in_first[0],reset,7
u_partition_c_u_NV_NVDLA_cdma_u_wt_wt_req_burst_cnt_d1[4],reset,6
u_partition_c_u_NV_NVDLA_cdma_u_wt_wt_req_burst_cnt_d1[6],reset,6
u_partition_c_u_NV_NVDLA_cdma_u_wt_wt_req_burst_cnt_d1[10],reset,6
u_partition_c_u_NV_NVDLA_cdma_u_wt_wt_req_burst_cnt_d1[12],reset,6
u_partition_c_u_NV_NVDLA_cdma_u_wt_wt_req_burst_cnt_d1[14],reset,6
u_partition_c_u_NV_NVDLA_cdma_u_wt_wt_req_burst_cnt_d1[17],reset,6
u_partition_c_u_NV_NVDLA_cdma_u_wt_wt_req_burst_cnt_d1[20],reset,6
u_partition_c_u_NV_NVDLA_cdma_u_wt_wt_req_burst_cnt_d1[24],reset,6
u_partition_c_u_NV_NVDLA_cdma_u_img_u_pack_rd_pburst_cnt[1],reset,6
u_partition_c_u_NV_NVDLA_cdma_u_img_u_sg_req_img_p0_burst_cnt[0],reset,6
u_partition_c_u_NV_NVDLA_cdma_u_img_u_sg_req_img_p0_burst_cnt[3],reset,6
u_partition_c_u_NV_NVDLA_cdma_u_img_u_sg_req_img_p0_burst_cnt[5],reset,6
u_partition_c_u_NV_NVDLA_cdma_u_img_u_sg_req_img_p0_burst_offset[11],reset,6
u_partition_c_u_NV_NVDLA_cdma_u_img_u_sg_req_img_p0_burst_offset[21],reset,6
u_partition_c_u_NV_NVDLA_cdma_u_img_u_sg_req_img_p0_burst_offset[25],reset,6
u_partition_c_u_NV_NVDLA_cdma_u_img_u_sg_req_img_p1_burst_cnt[0],reset,6
u_partition_c_u_NV_NVDLA_cdma_u_img_u_sg_req_img_p1_burst_cnt[3],reset,6
u_partition_c_u_NV_NVDLA_cdma_u_img_u_sg_req_img_p1_burst_cnt[4],reset,6
u_partition_c_u_NV_NVDLA_cdma_u_img_u_sg_req_img_p1_burst_cnt[8],reset,6
u_partition_c_u_NV_NVDLA_cdma_u_img_u_sg_req_img_p1_burst_offset[0],reset,6
u_partition_c_u_NV_NVDLA_cdma_u_img_u_sg_req_img_p1_burst_offset[7],reset,6
u_partition_c_u_NV_NVDLA_cdma_u_img_u_sg_req_img_p1_burst_offset[11],reset,6
u_partition_c_u_NV_NVDLA_cdma_u_img_u_sg_req_img_p1_burst_offset[13],reset,6
u_partition_c_u_NV_NVDLA_cdma_u_img_u_sg_req_img_p1_burst_offset[15],reset,6
u_partition_c_u_NV_NVDLA_cdma_u_img_u_sg_req_img_p1_burst_offset[19],reset,6
u_partition_c_u_NV_NVDLA_cdma_u_img_u_sg_req_img_p1_burst_offset[21],reset,6
u_partition_c_u_NV_NVDLA_cdma_u_img_u_sg_req_img_p1_burst_offset[25],reset,6
u_partition_o_u_NV_NVDLA_pdp_reg2dp_partial_width_out_first[0],reset,6
u_partition_o_u_NV_NVDLA_pdp_reg2dp_partial_width_out_first[4],reset,6
u_partition_o_u_NV_NVDLA_pdp_u_rdma_reg2dp_partial_width_in_first[1],reset,6
u_partition_o_u_NV_NVDLA_pdp_u_rdma_reg2dp_partial_width_in_first[8],reset,6
u_partition_c_u_NV_NVDLA_cdma_u_wt_wt_req_burst_cnt_d1[5],reset,5
u_partition_c_u_NV_NVDLA_cdma_u_wt_wt_req_burst_cnt_d1[7],reset,5
u_partition_c_u_NV_NVDLA_cdma_u_wt_wt_req_burst_cnt_d1[11],reset,5
u_partition_c_u_NV_NVDLA_cdma_u_wt_wt_req_burst_cnt_d1[13],reset,5
u_partition_c_u_NV_NVDLA_cdma_u_wt_wt_req_burst_cnt_d1[15],reset,5
u_partition_c_u_NV_NVDLA_cdma_u_wt_wt_req_burst_cnt_d1[18],reset,5
u_partition_c_u_NV_NVDLA_cdma_u_wt_wt_req_burst_cnt_d1[21],reset,5
u_partition_c_u_NV_NVDLA_cdma_u_wt_wt_req_burst_cnt_d1[22],reset,5
u_partition_c_u_NV_NVDLA_cdma_u_wt_wt_req_burst_cnt_d1[25],reset,5
u_partition_c_u_NV_NVDLA_cdma_u_img_pixel_planar0_lp_burst[0],reset,5
u_partition_c_u_NV_NVDLA_cdma_u_img_pixel_planar0_lp_burst[1],reset,5
u_partition_c_u_NV_NVDLA_cdma_u_img_pixel_planar0_width_burst[0],reset,5
u_partition_c_u_NV_NVDLA_cdma_u_img_pixel_planar0_width_burst[1],reset,5
u_partition_c_u_NV_NVDLA_cdma_u_img_pixel_planar0_width_burst[2],reset,5
u_partition_c_u_NV_NVDLA_cdma_u_img_pixel_planar0_width_burst[5],reset,5
u_partition_c_u_NV_NVDLA_cdma_u_img_pixel_planar0_width_burst[6],reset,5
u_partition_c_u_NV_NVDLA_cdma_u_img_pixel_planar0_width_burst[10],reset,5
u_partition_c_u_NV_NVDLA_cdma_u_img_pixel_planar1_width_burst[1],reset,5
u_partition_c_u_NV_NVDLA_cdma_u_img_pixel_planar1_width_burst[2],reset,5
u_partition_c_u_NV_NVDLA_cdma_u_img_pixel_planar1_width_burst[7],reset,5
u_partition_c_u_NV_NVDLA_cdma_u_img_pixel_planar1_width_burst[8],reset,5
u_partition_c_u_NV_NVDLA_cdma_u_img_u_pack_rd_pburst_cnt[0],reset,5
u_partition_c_u_NV_NVDLA_cdma_u_img_u_sg_req_img_p0_burst_cnt[1],reset,5
u_partition_c_u_NV_NVDLA_cdma_u_img_u_sg_req_img_p0_burst_cnt[4],reset,5
u_partition_c_u_NV_NVDLA_cdma_u_img_u_sg_req_img_p0_burst_cnt[6],reset,5
u_partition_c_u_NV_NVDLA_cdma_u_img_u_sg_req_img_p0_burst_cnt[10],reset,5
u_partition_c_u_NV_NVDLA_cdma_u_img_u_sg_req_img_p0_burst_offset[5],reset,5
u_partition_c_u_NV_NVDLA_cdma_u_img_u_sg_req_img_p0_burst_offset[17],reset,5
u_partition_c_u_NV_NVDLA_cdma_u_img_u_sg_req_img_p1_burst_cnt[1],reset,5
u_partition_c_u_NV_NVDLA_cdma_u_img_u_sg_req_img_p1_burst_cnt[9],reset,5
u_partition_c_u_NV_NVDLA_cdma_u_img_u_sg_req_img_p1_burst_offset[1],reset,5
u_partition_o_u_NV_NVDLA_pdp_u_rdma_reg2dp_partial_width_in_first[2],reset,5
u_partition_c_u_NV_NVDLA_cdma_u_wt_wt_req_burst_cnt_d1[3],reset,4
u_partition_c_u_NV_NVDLA_cdma_u_wt_wt_req_burst_cnt_d1[19],reset,4
u_partition_c_u_NV_NVDLA_cdma_u_wt_wt_req_burst_cnt_d1[23],reset,4
u_partition_c_u_NV_NVDLA_cdma_u_wt_wt_req_burst_cnt_d1[26],reset,4
u_partition_c_u_NV_NVDLA_cdma_u_img_pixel_planar0_lp_burst[2],reset,4
u_partition_c_u_NV_NVDLA_cdma_u_img_pixel_planar0_width_burst[3],reset,4
u_partition_c_u_NV_NVDLA_cdma_u_img_pixel_planar0_width_burst[4],reset,4
u_partition_c_u_NV_NVDLA_cdma_u_img_pixel_planar0_width_burst[7],reset,4
u_partition_c_u_NV_NVDLA_cdma_u_img_pixel_planar0_width_burst[8],reset,4
u_partition_c_u_NV_NVDLA_cdma_u_img_pixel_planar0_width_burst[9],reset,4
u_partition_c_u_NV_NVDLA_cdma_u_img_pixel_planar1_lp_burst[0],reset,4
u_partition_c_u_NV_NVDLA_cdma_u_img_pixel_planar1_lp_burst[1],reset,4
u_partition_c_u_NV_NVDLA_cdma_u_img_pixel_planar1_width_burst[0],reset,4
u_partition_c_u_NV_NVDLA_cdma_u_img_pixel_planar1_width_burst[3],reset,4
u_partition_c_u_NV_NVDLA_cdma_u_img_pixel_planar1_width_burst[4],reset,4
u_partition_c_u_NV_NVDLA_cdma_u_img_pixel_planar1_width_burst[5],reset,4
u_partition_c_u_NV_NVDLA_cdma_u_img_pixel_planar1_width_burst[6],reset,4
u_partition_c_u_NV_NVDLA_cdma_u_img_pixel_planar1_width_burst[9],reset,4
u_partition_c_u_NV_NVDLA_cdma_u_img_u_sg_req_img_p0_burst_cnt[7],reset,4
u_partition_c_u_NV_NVDLA_cdma_u_img_u_sg_req_img_p0_burst_cnt[8],reset,4
u_partition_c_u_NV_NVDLA_cdma_u_img_u_sg_req_img_p0_burst_cnt[11],reset,4
u_partition_c_u_NV_NVDLA_cdma_u_img_u_sg_req_img_p0_burst_cnt[12],reset,4
u_partition_c_u_NV_NVDLA_cdma_u_img_u_sg_req_img_p0_burst_offset[9],reset,4
u_partition_c_u_NV_NVDLA_cdma_u_img_u_sg_req_img_p1_burst_cnt[5],reset,4
u_partition_c_u_NV_NVDLA_cdma_u_img_u_sg_req_img_p1_burst_offset[9],reset,4
u_partition_c_u_NV_NVDLA_cdma_u_img_u_sg_req_img_p1_burst_offset[17],reset,4
u_partition_c_u_NV_NVDLA_cdma_u_img_u_sg_rsp_img_p0_burst_cnt[0],reset,4
u_partition_c_u_NV_NVDLA_cdma_u_img_u_sg_rsp_img_p0_burst_cnt[1],reset,4
u_partition_c_u_NV_NVDLA_cdma_u_img_u_sg_rsp_img_p0_burst_cnt[3],reset,4
u_partition_c_u_NV_NVDLA_cdma_u_img_u_sg_rsp_img_w_burst_size[0],reset,4
u_partition_c_u_NV_NVDLA_cdma_u_img_u_sg_rsp_img_w_burst_size[1],reset,4
u_partition_c_u_NV_NVDLA_cdma_u_img_u_sg_rsp_img_w_burst_size[2],reset,4
u_partition_o_u_NV_NVDLA_pdp_u_rdma_reg2dp_partial_width_in_first[4],reset,4
u_partition_o_u_NV_NVDLA_pdp_u_rdma_reg2dp_partial_width_in_first[6],reset,4
u_partition_a_u_partition_a_reset_sync_reset_synced_rstn_inreset_tm_,reset,3
u_partition_c_u_partition_c_reset_sync_reset_synced_rstn_inreset_tm_,reset,3
u_partition_ma_u_partition_m_reset_sync_reset_synced_rstn_inreset_tm_,reset,3
u_partition_mb_u_partition_m_reset_sync_reset_synced_rstn_inreset_tm_,reset,3
u_partition_o_u_sync_core_reset_combined_rstn,reset,3
u_partition_o_u_sync_core_reset_sync_reset_synced_core_rstn_inreset_tm_,reset,3
u_partition_o_u_sync_core_reset_sync_reset_synced_dla_rstn_inreset_tm_,reset,3
u_partition_o_u_sync_core_reset_sync_reset_synced_rstn_inreset_tm_,reset,3
u_partition_o_u_sync_core_reset_synced_dla_rstn,reset,3
u_partition_o_u_sync_falcon_reset_sync_reset_synced_rstn_inreset_tm_,reset,3
u_partition_p_u_partition_p_reset_sync_reset_synced_rstn_inreset_tm_,reset,3
u_partition_c_u_NV_NVDLA_cdma_u_wt_wt_req_burst_cnt_d1[0],reset,3
u_partition_c_u_NV_NVDLA_cdma_u_wt_wt_req_burst_cnt_d1[1],reset,3
u_partition_c_u_NV_NVDLA_cdma_u_wt_wt_req_burst_cnt_d1[2],reset,3
u_partition_c_u_NV_NVDLA_cdma_u_img_pixel_planar0_rp_burst[0],reset,3
u_partition_c_u_NV_NVDLA_cdma_u_img_pixel_planar0_rp_burst[1],reset,3
u_partition_c_u_NV_NVDLA_cdma_u_img_pixel_planar0_rp_burst[2],reset,3
u_partition_c_u_NV_NVDLA_cdma_u_img_pixel_planar0_rp_burst[3],reset,3
u_partition_c_u_NV_NVDLA_cdma_u_img_pixel_planar1_rp_burst[0],reset,3
u_partition_c_u_NV_NVDLA_cdma_u_img_pixel_planar1_rp_burst[1],reset,3
u_partition_c_u_NV_NVDLA_cdma_u_img_pixel_planar1_rp_burst[2],reset,3
u_partition_c_u_NV_NVDLA_cdma_u_img_u_sg_req_img_p0_burst_cnt[9],reset,3
u_partition_c_u_NV_NVDLA_cdma_u_img_u_sg_req_img_p0_burst_cnt[13],reset,3
u_partition_c_u_NV_NVDLA_cdma_u_img_u_sg_req_img_p1_burst_cnt[7],reset,3
u_partition_c_u_NV_NVDLA_cdma_u_img_u_sg_req_img_p1_burst_cnt[11],reset,3
u_partition_c_u_NV_NVDLA_cdma_u_img_u_sg_req_img_p1_burst_cnt[12],reset,3
u_partition_c_u_NV_NVDLA_cdma_u_img_u_sg_rsp_img_p0_burst_cnt[2],reset,3
u_partition_c_u_NV_NVDLA_cdma_u_img_u_sg_rsp_img_p0_burst_size_d1[0],reset,3
u_partition_c_u_NV_NVDLA_cdma_u_img_u_sg_rsp_img_p0_burst_size_d1[1],reset,3
u_partition_c_u_NV_NVDLA_cdma_u_img_u_sg_rsp_img_p0_burst_size_d1[2],reset,3
u_partition_c_u_NV_NVDLA_cdma_u_img_u_sg_rsp_img_p0_burst_size_d1[3],reset,3
u_partition_c_u_NV_NVDLA_cdma_u_img_u_sg_rsp_img_p1_burst_cnt[0],reset,3
u_partition_c_u_NV_NVDLA_cdma_u_img_u_sg_rsp_img_p1_burst_size_d1[0],reset,3
u_partition_c_u_NV_NVDLA_cdma_u_img_u_sg_rsp_img_w_burst_size[3],reset,3
u_partition_o_u_NV_NVDLA_pdp_u_rdma_reg2dp_partial_width_in_first[3],reset,3
u_partition_o_u_NV_NVDLA_pdp_u_rdma_reg2dp_partial_width_in_first[5],reset,3
u_partition_o_u_NV_NVDLA_pdp_u_rdma_u_reg_reg2dp_d0_partial_width_in_first[0],reset,3
u_partition_o_u_NV_NVDLA_pdp_u_rdma_u_reg_reg2dp_d0_partial_width_in_first[1],reset,3
u_partition_o_u_NV_NVDLA_pdp_u_rdma_u_reg_reg2dp_d0_partial_width_in_first[2],reset,3
u_partition_o_u_NV_NVDLA_pdp_u_rdma_u_reg_reg2dp_d0_partial_width_in_first[3],reset,3
u_partition_o_u_NV_NVDLA_pdp_u_rdma_u_reg_reg2dp_d0_partial_width_in_first[4],reset,3
u_partition_o_u_NV_NVDLA_pdp_u_rdma_u_reg_reg2dp_d0_partial_width_in_first[5],reset,3
u_partition_o_u_NV_NVDLA_pdp_u_rdma_u_reg_reg2dp_d0_partial_width_in_first[6],reset,3
u_partition_o_u_NV_NVDLA_pdp_u_rdma_u_reg_reg2dp_d0_partial_width_in_first[7],reset,3
u_partition_o_u_NV_NVDLA_pdp_u_rdma_u_reg_reg2dp_d0_partial_width_in_first[8],reset,3
u_partition_o_u_NV_NVDLA_pdp_u_rdma_u_reg_reg2dp_d0_partial_width_in_first[9],reset,3
u_partition_o_u_NV_NVDLA_pdp_u_rdma_u_reg_reg2dp_d1_partial_width_in_first[1],reset,3
u_partition_o_u_NV_NVDLA_pdp_u_rdma_u_reg_reg2dp_d1_partial_width_in_first[2],reset,3
u_partition_o_u_NV_NVDLA_pdp_u_rdma_u_reg_reg2dp_d1_partial_width_in_first[3],reset,3
u_partition_o_u_NV_NVDLA_pdp_u_rdma_u_reg_reg2dp_d1_partial_width_in_first[4],reset,3
u_partition_o_u_NV_NVDLA_pdp_u_rdma_u_reg_reg2dp_d1_partial_width_in_first[5],reset,3
u_partition_o_u_NV_NVDLA_pdp_u_rdma_u_reg_reg2dp_d1_partial_width_in_first[6],reset,3
u_partition_o_u_NV_NVDLA_pdp_u_rdma_u_reg_reg2dp_d1_partial_width_in_first[7],reset,3
u_partition_o_u_NV_NVDLA_pdp_u_rdma_u_reg_reg2dp_d1_partial_width_in_first[8],reset,3
u_partition_o_u_NV_NVDLA_pdp_u_rdma_u_reg_reg2dp_d1_partial_width_in_first[9],reset,3
u_partition_o_u_NV_NVDLA_pdp_u_reg_reg2dp_d0_partial_width_in_first[0],reset,3
u_partition_o_u_NV_NVDLA_pdp_u_reg_reg2dp_d0_partial_width_in_first[1],reset,3
u_partition_o_u_NV_NVDLA_pdp_u_reg_reg2dp_d0_partial_width_in_first[2],reset,3
u_partition_o_u_NV_NVDLA_pdp_u_reg_reg2dp_d0_partial_width_in_first[3],reset,3
u_partition_o_u_NV_NVDLA_pdp_u_reg_reg2dp_d0_partial_width_in_first[4],reset,3
u_partition_o_u_NV_NVDLA_pdp_u_reg_reg2dp_d0_partial_width_in_first[5],reset,3
u_partition_o_u_NV_NVDLA_pdp_u_reg_reg2dp_d0_partial_width_in_first[6],reset,3
u_partition_o_u_NV_NVDLA_pdp_u_reg_reg2dp_d0_partial_width_in_first[7],reset,3
u_partition_o_u_NV_NVDLA_pdp_u_reg_reg2dp_d0_partial_width_in_first[8],reset,3
u_partition_o_u_NV_NVDLA_pdp_u_reg_reg2dp_d0_partial_width_in_first[9],reset,3
u_partition_o_u_NV_NVDLA_pdp_u_reg_reg2dp_d1_partial_width_in_first[0],reset,3
u_partition_o_u_NV_NVDLA_pdp_u_reg_reg2dp_d1_partial_width_in_first[1],reset,3
u_partition_o_u_NV_NVDLA_pdp_u_reg_reg2dp_d1_partial_width_in_first[2],reset,3
u_partition_o_u_NV_NVDLA_pdp_u_reg_reg2dp_d1_partial_width_in_first[3],reset,3
u_partition_o_u_NV_NVDLA_pdp_u_reg_reg2dp_d1_partial_width_in_first[4],reset,3
u_partition_o_u_NV_NVDLA_pdp_u_reg_reg2dp_d1_partial_width_in_first[5],reset,3
u_partition_o_u_NV_NVDLA_pdp_u_reg_reg2dp_d1_partial_width_in_first[6],reset,3
u_partition_o_u_NV_NVDLA_pdp_u_reg_reg2dp_d1_partial_width_in_first[7],reset,3
u_partition_o_u_NV_NVDLA_pdp_u_reg_reg2dp_d1_partial_width_in_first[8],reset,3
u_partition_o_u_NV_NVDLA_pdp_u_reg_reg2dp_d1_partial_width_in_first[9],reset,3
u_partition_o_u_NV_NVDLA_pdp_u_reg_reg2dp_d1_partial_width_out_first[0],reset,3
u_partition_o_u_NV_NVDLA_pdp_u_reg_reg2dp_d1_partial_width_out_first[1],reset,3
u_partition_o_u_NV_NVDLA_pdp_u_reg_reg2dp_d1_partial_width_out_first[2],reset,3
u_partition_o_u_NV_NVDLA_pdp_u_reg_reg2dp_d1_partial_width_out_first[3],reset,3
u_partition_o_u_NV_NVDLA_pdp_u_reg_reg2dp_d1_partial_width_out_first[4],reset,3
u_partition_o_u_NV_NVDLA_pdp_u_reg_reg2dp_d1_partial_width_out_first[5],reset,3
u_partition_o_u_NV_NVDLA_pdp_u_reg_reg2dp_d1_partial_width_out_first[6],reset,3
u_partition_o_u_NV_NVDLA_pdp_u_reg_reg2dp_d1_partial_width_out_first[7],reset,3
u_partition_o_u_NV_NVDLA_pdp_u_reg_reg2dp_d1_partial_width_out_first[8],reset,3
u_partition_o_u_NV_NVDLA_pdp_u_reg_reg2dp_d1_partial_width_out_first[9],reset,3
u_partition_o_u_NV_NVDLA_pdp_u_reg_reg2dp_d0_partial_width_out_first[0],reset,3
u_partition_o_u_NV_NVDLA_pdp_u_reg_reg2dp_d0_partial_width_out_first[1],reset,3
u_partition_o_u_NV_NVDLA_pdp_u_reg_reg2dp_d0_partial_width_out_first[2],reset,3
u_partition_o_u_NV_NVDLA_pdp_u_reg_reg2dp_d0_partial_width_out_first[3],reset,3
u_partition_o_u_NV_NVDLA_pdp_u_reg_reg2dp_d0_partial_width_out_first[4],reset,3
u_partition_o_u_NV_NVDLA_pdp_u_reg_reg2dp_d0_partial_width_out_first[5],reset,3
u_partition_o_u_NV_NVDLA_pdp_u_reg_reg2dp_d0_partial_width_out_first[6],reset,3
u_partition_o_u_NV_NVDLA_pdp_u_reg_reg2dp_d0_partial_width_out_first[7],reset,3
u_partition_o_u_NV_NVDLA_pdp_u_reg_reg2dp_d0_partial_width_out_first[8],reset,3
u_partition_o_u_NV_NVDLA_pdp_u_reg_reg2dp_d0_partial_width_out_first[9],reset,3
dla_reset_rstn,reset,2
u_partition_a_u_partition_a_reset_sync_reset_synced_rstn_NV_GENERIC_CELL_d0,reset,2
u_partition_a_u_partition_a_reset_sync_reset_synced_rstn_reset_,reset,2
u_partition_c_u_NV_NVDLA_cdma_u_img_u_sg_rsp_img_1st_burst,reset,2
u_partition_c_u_partition_c_reset_sync_reset_synced_rstn_NV_GENERIC_CELL_d0,reset,2
u_partition_c_u_partition_c_reset_sync_reset_synced_rstn_reset_,reset,2
u_partition_ma_u_partition_m_reset_sync_reset_synced_rstn_NV_GENERIC_CELL_d0,reset,2
u_partition_ma_u_partition_m_reset_sync_reset_synced_rstn_reset_,reset,2
u_partition_mb_u_partition_m_reset_sync_reset_synced_rstn_NV_GENERIC_CELL_d0,reset,2
u_partition_mb_u_partition_m_reset_sync_reset_synced_rstn_reset_,reset,2
u_partition_o_u_sync_core_reset_n_0,reset,2
u_partition_o_u_sync_core_reset_sync_reset_synced_core_rstn_NV_GENERIC_CELL_d0,reset,2
u_partition_o_u_sync_core_reset_sync_reset_synced_core_rstn_UI_test_mode_inmux_n_0,reset,2
u_partition_o_u_sync_core_reset_sync_reset_synced_core_rstn_reset_,reset,2
u_partition_o_u_sync_core_reset_sync_reset_synced_dla_rstn_NV_GENERIC_CELL_d0,reset,2
u_partition_o_u_sync_core_reset_sync_reset_synced_dla_rstn_reset_,reset,2
u_partition_o_u_sync_core_reset_sync_reset_synced_rstn_NV_GENERIC_CELL_d0,reset,2
u_partition_o_u_sync_core_reset_sync_reset_synced_rstn_reset_,reset,2
u_partition_o_u_sync_core_reset_synced_core_rstn,reset,2
u_partition_o_u_sync_falcon_reset_sync_reset_synced_rstn_NV_GENERIC_CELL_d0,reset,2
u_partition_o_u_sync_falcon_reset_sync_reset_synced_rstn_reset_,reset,2
u_partition_p_u_partition_p_reset_sync_reset_synced_rstn_NV_GENERIC_CELL_d0,reset,2
u_partition_p_u_partition_p_reset_sync_reset_synced_rstn_reset_,reset,2
u_partition_c_u_NV_NVDLA_cdma_u_img_u_sg_req_img_p1_burst_cnt[6],reset,2
u_partition_c_u_NV_NVDLA_cdma_u_img_u_sg_req_img_p1_burst_cnt[10],reset,2
u_partition_c_u_NV_NVDLA_cdma_u_img_u_sg_req_img_p1_burst_cnt[13],reset,2
u_partition_o_u_NV_NVDLA_pdp_reg2dp_partial_width_in_first[0],reset,2
u_partition_o_u_NV_NVDLA_pdp_reg2dp_partial_width_in_first[1],reset,2
u_partition_o_u_NV_NVDLA_pdp_reg2dp_partial_width_in_first[2],reset,2
u_partition_o_u_NV_NVDLA_pdp_reg2dp_partial_width_in_first[3],reset,2
u_partition_o_u_NV_NVDLA_pdp_reg2dp_partial_width_in_first[4],reset,2
u_partition_o_u_NV_NVDLA_pdp_reg2dp_partial_width_in_first[5],reset,2
u_partition_o_u_NV_NVDLA_pdp_reg2dp_partial_width_in_first[6],reset,2
u_partition_o_u_NV_NVDLA_pdp_reg2dp_partial_width_in_first[7],reset,2
u_partition_o_u_NV_NVDLA_pdp_reg2dp_partial_width_in_first[8],reset,2
u_partition_o_u_NV_NVDLA_pdp_reg2dp_partial_width_in_first[9],reset,2
u_partition_o_u_NV_NVDLA_pdp_u_rdma_reg2dp_partial_width_in_first[9],reset,2
u_partition_o_u_NV_NVDLA_pdp_u_rdma_u_reg_reg2dp_d1_partial_width_in_first[0],reset,2
u_partition_a_u_partition_a_reset_sync_reset_synced_rstn_NV_GENERIC_CELL_UNCONNECTED299814,reset,1
u_partition_a_u_partition_a_reset_sync_reset_synced_rstn_NV_GENERIC_CELL_UNCONNECTED299815,reset,1
u_partition_c_u_partition_c_reset_sync_reset_synced_rstn_NV_GENERIC_CELL_UNCONNECTED57389,reset,1
u_partition_c_u_partition_c_reset_sync_reset_synced_rstn_NV_GENERIC_CELL_UNCONNECTED57390,reset,1
u_partition_ma_u_partition_m_reset_sync_reset_synced_rstn_NV_GENERIC_CELL_UNCONNECTED78099,reset,1
u_partition_ma_u_partition_m_reset_sync_reset_synced_rstn_NV_GENERIC_CELL_UNCONNECTED78100,reset,1
u_partition_mb_u_partition_m_reset_sync_reset_synced_rstn_NV_GENERIC_CELL_UNCONNECTED98103,reset,1
u_partition_mb_u_partition_m_reset_sync_reset_synced_rstn_NV_GENERIC_CELL_UNCONNECTED98104,reset,1
u_partition_o_u_sync_core_reset_UNCONNECTED170665,reset,1
u_partition_o_u_sync_core_reset_sync_reset_synced_core_rstn_NV_GENERIC_CELL_UNCONNECTED170659,reset,1
u_partition_o_u_sync_core_reset_sync_reset_synced_core_rstn_NV_GENERIC_CELL_UNCONNECTED170660,reset,1
u_partition_o_u_sync_core_reset_sync_reset_synced_dla_rstn_NV_GENERIC_CELL_UNCONNECTED170661,reset,1
u_partition_o_u_sync_core_reset_sync_reset_synced_dla_rstn_NV_GENERIC_CELL_UNCONNECTED170662,reset,1
u_partition_o_u_sync_core_reset_sync_reset_synced_rstn_NV_GENERIC_CELL_UNCONNECTED170663,reset,1
u_partition_o_u_sync_core_reset_sync_reset_synced_rstn_NV_GENERIC_CELL_UNCONNECTED170664,reset,1
u_partition_o_u_sync_falcon_reset_sync_reset_synced_rstn_NV_GENERIC_CELL_UNCONNECTED194747,reset,1
u_partition_o_u_sync_falcon_reset_sync_reset_synced_rstn_NV_GENERIC_CELL_UNCONNECTED194748,reset,1
u_partition_p_u_partition_p_reset_sync_reset_synced_rstn_NV_GENERIC_CELL_UNCONNECTED292591,reset,1
u_partition_p_u_partition_p_reset_sync_reset_synced_rstn_NV_GENERIC_CELL_UNCONNECTED292592,reset,1
global_clk_ovr_on,clock,0
tmc2slcg_disable_clock_gating,clock,0
u_partition_c_u_NV_NVDLA_cdma_u_wt_wt_req_burst_cnt_d1[26:0],reset,0
u_partition_c_u_NV_NVDLA_cdma_u_img_pixel_planar0_lp_burst[3:0],reset,0
u_partition_c_u_NV_NVDLA_cdma_u_img_pixel_planar0_lp_burst[3],reset,0
u_partition_c_u_NV_NVDLA_cdma_u_img_pixel_planar0_rp_burst[3:0],reset,0
u_partition_c_u_NV_NVDLA_cdma_u_img_pixel_planar0_width_burst[13:0],reset,0
u_partition_c_u_NV_NVDLA_cdma_u_img_pixel_planar0_width_burst[11],reset,0
u_partition_c_u_NV_NVDLA_cdma_u_img_pixel_planar0_width_burst[12],reset,0
u_partition_c_u_NV_NVDLA_cdma_u_img_pixel_planar0_width_burst[13],reset,0
u_partition_c_u_NV_NVDLA_cdma_u_img_pixel_planar1_lp_burst[2:0],reset,0
u_partition_c_u_NV_NVDLA_cdma_u_img_pixel_planar1_lp_burst[2],reset,0
u_partition_c_u_NV_NVDLA_cdma_u_img_pixel_planar1_rp_burst[2:0],reset,0
u_partition_c_u_NV_NVDLA_cdma_u_img_pixel_planar1_width_burst[13:0],reset,0
u_partition_c_u_NV_NVDLA_cdma_u_img_pixel_planar1_width_burst[10],reset,0
u_partition_c_u_NV_NVDLA_cdma_u_img_pixel_planar1_width_burst[11],reset,0
u_partition_c_u_NV_NVDLA_cdma_u_img_pixel_planar1_width_burst[12],reset,0
u_partition_c_u_NV_NVDLA_cdma_u_img_pixel_planar1_width_burst[13],reset,0
u_partition_c_u_NV_NVDLA_cdma_u_img_u_pack_rd_pburst_cnt[1:0],reset,0
u_partition_c_u_NV_NVDLA_cdma_u_img_u_sg_req_img_p0_burst_cnt[13:0],reset,0
u_partition_c_u_NV_NVDLA_cdma_u_img_u_sg_req_img_p0_burst_offset[28:0],reset,0
u_partition_c_u_NV_NVDLA_cdma_u_img_u_sg_req_img_p1_burst_cnt[13:0],reset,0
u_partition_c_u_NV_NVDLA_cdma_u_img_u_sg_req_img_p1_burst_offset[28:0],reset,0
u_partition_c_u_NV_NVDLA_cdma_u_img_u_sg_rsp_img_p0_burst_cnt[3:0],reset,0
u_partition_c_u_NV_NVDLA_cdma_u_img_u_sg_rsp_img_p0_burst_size_d1[3:0],reset,0
u_partition_c_u_NV_NVDLA_cdma_u_img_u_sg_rsp_img_p1_burst_cnt[4:0],reset,0
u_partition_c_u_NV_NVDLA_cdma_u_img_u_sg_rsp_img_p1_burst_cnt[1],reset,0
u_partition_c_u_NV_NVDLA_cdma_u_img_u_sg_rsp_img_p1_burst_cnt[2],reset,0
u_partition_c_u_NV_NVDLA_cdma_u_img_u_sg_rsp_img_p1_burst_cnt[3],reset,0
u_partition_c_u_NV_NVDLA_cdma_u_img_u_sg_rsp_img_p1_burst_cnt[4],reset,0
u_partition_c_u_NV_NVDLA_cdma_u_img_u_sg_rsp_img_p1_burst_size_d1[4:0],reset,0
u_partition_c_u_NV_NVDLA_cdma_u_img_u_sg_rsp_img_p1_burst_size_d1[1],reset,0
u_partition_c_u_NV_NVDLA_cdma_u_img_u_sg_rsp_img_p1_burst_size_d1[2],reset,0
u_partition_c_u_NV_NVDLA_cdma_u_img_u_sg_rsp_img_p1_burst_size_d1[3],reset,0
u_partition_c_u_NV_NVDLA_cdma_u_img_u_sg_rsp_img_p1_burst_size_d1[4],reset,0
u_partition_c_u_NV_NVDLA_cdma_u_img_u_sg_rsp_img_w_burst_size[4:0],reset,0
u_partition_c_u_NV_NVDLA_cdma_u_img_u_sg_rsp_img_w_burst_size[4],reset,0
u_partition_o_u_NV_NVDLA_pdp_reg2dp_partial_width_in_first[9:0],reset,0
u_partition_o_u_NV_NVDLA_pdp_reg2dp_partial_width_out_first[9:0],reset,0
u_partition_o_u_NV_NVDLA_pdp_u_rdma_reg2dp_partial_width_in_first[9:0],reset,0
u_partition_o_u_NV_NVDLA_pdp_u_rdma_u_reg_reg2dp_d0_partial_width_in_first[9:0],reset,0
u_partition_o_u_NV_NVDLA_pdp_u_rdma_u_reg_reg2dp_d1_partial_width_in_first[9:0],reset,0
u_partition_o_u_NV_NVDLA_pdp_u_reg_reg2dp_d0_partial_width_in_first[9:0],reset,0
u_partition_o_u_NV_NVDLA_pdp_u_reg_reg2dp_d1_partial_width_in_first[9:0],reset,0
u_partition_o_u_NV_NVDLA_pdp_u_reg_reg2dp_d1_partial_width_out_first[9:0],reset,0
u_partition_o_u_NV_NVDLA_pdp_u_reg_reg2dp_d0_partial_width_out_first[9:0],reset,0
